"HCR","escapement","harvest","ER","harv.stability","below.LSR","between.ref","above.USR","extinct"
"fixed.ER",36078.6424996678,50834.2997867366,0.59971323747357,1.68380517631156,3.632,3.23,1.464,0.674
"no.fishing",100596.483980165,0,0,NA,1.712,3.438,3.746,0.104
"status.quo",37464.1485751659,56936.902724842,0.308835145038067,2.44566708261434,3.026,3.826,1.66,0.488
