"HCR","escapement","harvest","ER","harv.stability","below.LSR","between.ref","above.USR","extinct"
"fixed.ER",40000.8973732859,60156.5051335994,0.60056578531739,1.53227148723159,2.138,2.128,1.974,2.76
"no.fishing",94489.9499343644,0,0,NA,1.528,2.546,4.038,0.888
"status.quo",36579.6751350777,73534.2046337056,0.386703384167503,1.96365760574321,2.434,3.25,1.886,1.43
