"HCR","escapement","harvest","ER","harv.stability","below.LSR","between.ref","above.USR","extinct"
"fixed.ER",34277.5975587364,48692.096490069,0.598868096399119,1.70408082864038,3.836,3.072,1.382,0.71
"no.fishing",98876.9482833387,0,0,NA,1.738,3.462,3.732,0.068
"status.quo",35812.0840838261,74261.6161879587,0.346125267888935,2.40073663662773,2.854,4.23,1.534,0.382
