"HCR","escapement","harvest","ER","harv.stability","below.LSR","between.ref","above.USR","extinct"
"fixed.ER",7619.144089098,8637.09788539293,0.600041382224078,1.16447301470307,5.128,0.984,0.058,2.83
"no.fishing",24100.0856417569,0,0,NA,3.326,4.516,1.118,0.04
"status.quo",21080.1105906387,2089.35618413496,0.00317255389694187,3.41306852542374,3.872,4.256,0.79,0.082
