"HCR","escapement","harvest","ER","harv.stability","below.LSR","between.ref","above.USR","extinct"
"fixed.ER",17695.0492068499,26487.7267518139,0.597809896063004,2.48852821626568,1.148,1.02,1.112,5.72
"no.fishing",47566.6843996746,0,0,NA,1.846,1.924,2.318,2.912
"status.quo",26016.5554177546,27867.6207995506,0.162023655840339,2.81070474240854,2.202,2.122,1.48,3.196
