"HCR","escapement","harvest","ER","harv.stability","below.LSR","between.ref","above.USR","extinct"
"fixed.ER",16312.4849725279,24446.243824392,0.599398335077287,2.38683248777622,1.334,1.128,0.942,5.596
"no.fishing",46289.2662999535,0,0,NA,1.988,2.148,2.334,2.53
"status.quo",28013.4952514051,27094.5973995503,0.182548368414796,2.74903496313232,2.366,2.186,1.646,2.802
