"HCR","escapement","harvest","ER","harv.stability","below.LSR","between.ref","above.USR"
"fixed.ER",9010.53960955168,13349.6713865589,1,2.22294293018801,7,1,1
"no.fishing",32189.9736723686,0,0,NA,5,2,2
"status.quo",26374.7008333508,798.096712425586,0,2.26871545256013,6,2,1
