"HCR","escapement","harvest","ER","pr.no.harv","pr.basic.needs","harv.stability","n.below.LSR","n.between.ref","n.above.USR","n.extinct"
"alt.rebuilding",67789.7896394027,31696.5980237101,0.22351413068196,0.249333333333333,0.475714285714286,2.11434009983741,1.968,3.846,3.08,0.106
"fixed.ER",36076.008754378,51395.3516503759,0.599276960444166,0.0952380952380952,0.800380952380953,1.70922776659907,3.51,3.274,1.546,0.67
"no.fishing",98241.8229806495,0,0,1,0,NA,1.62,3.524,3.75533333333333,0.100666666666667
"rebuilding",52708.0723395027,47461.7302967505,0.143664270553519,0.583428571428571,0.365142857142857,2.90111628618799,2.086,4.25,2.564,0.1
"rebuilding.cap",70809.1423634218,26730.8727906535,0.111704281200036,0.586571428571429,0.359904761904762,2.7409176908784,1.658,3.964,3.322,0.056
"status.quo",42422.1722312905,57883.8795388457,0.316771891217001,0.439095238095238,0.488714285714286,2.41835361482844,2.821,4.101,1.946,0.132
"status.quo.cap",68746.1508335306,32895.5141765164,0.23158438935038,0.440095238095238,0.489714285714286,2.25717338436295,1.924,4.056,2.938,0.082
