"","HCR","escapement","harvest","ER","harv.stability","below.LSR","between.ref","above.USR"
"1","fixed.ER",7069.22267580788,10297.4761124921,1,2.47680427223545,7.5,0.5,0
"2","no.fishing",32960.3219183379,0,0,NA,4.5,2,2
"3","status.quo",31631.652611237,NA,0.361922671757764,2.08326075195364,5.5,2,1
