"","alpha_1","beta_1","alpha_2","beta_2","alpha_3","beta_3","alpha_4","beta_4","alpha_5","beta_5","alpha_6","beta_6","alpha_7","beta_7","alpha_8","beta_8","alpha_9","beta_9","pi_1","pi_2","pi_3","pi_4","phi","for_error","OU","ny","nstk","nsim"
"25%",3.96656976921492,0.00014218900392313,3.66472780918764,5.08718968522928e-05,6.6603330938843,0.000607072235442653,4.00248446453666,0.000124435650175699,3.11025282111751,6.27298081313813e-05,4.14570530797488,0.000231021161371547,3.45751468455257,0.000171510892191425,3.01586523708485,0.000156302392595323,5.45448079705527,0.000198786178446965,0.0838989587874955,0.33855369494092,0.480869811020051,0.0766061626400294,0.75,0.79,0.1,34,9,1000
"50%",4.72947520627233,0.000171786175068878,4.26758098547332,6.28077326064096e-05,7.86597292061967,0.000673812601087652,4.78054603563347,0.000140680655086956,3.54797557073855,7.41863119849018e-05,5.01145917110628,0.000277916281023772,3.99903287113099,0.000199713533163245,3.44563401602285,0.000180281163867377,6.32680824093449,0.000223419919123976,0.0871236228195342,0.344413064063817,0.487333060928648,0.0797179896388412,0.75,0.79,0.1,34,9,1000
"75%",5.67173836298383,0.000199588030283221,5.01304799163677,7.52811399363706e-05,9.31865223369088,0.000747383853685891,5.69874472658618,0.000157760099574225,4.06912266596477,8.64974781377365e-05,6.02415041457829,0.000323561998865061,4.5791947746901,0.000227001833670489,3.96225385638383,0.000206066074776754,7.27768297809145,0.000247472852884467,0.0906476329835309,0.350531553940823,0.493734747504863,0.0829867615720591,0.75,0.79,0.1,34,9,1000
"",4.89908380152589,0.000171550769823026,4.40900905774557,6.32330052621757e-05,8.16218165599948,0.0006768100316793,4.9759071561549,0.000141478972716781,3.64632080754522,7.49034089030721e-05,5.18744550835455,0.000277368745597696,4.08611389051509,0.000199750254743451,3.55679156837416,0.000182026923086962,6.46150941384431,0.000223079348103452,0.0872639877598228,0.344519582654073,0.487255676689602,0.0798755905343153,0.75,0.79,0.1,34,9,1000
