"","alpha_1","beta_1","alpha_2","beta_2","alpha_3","beta_3","alpha_4","beta_4","alpha_5","beta_5","alpha_6","beta_6","alpha_7","beta_7","alpha_8","beta_8","alpha_9","beta_9","pi_1","pi_2","pi_3","pi_4","phi","for_error","OU","ny","nstk","nsim"
"25%",1.25335858174953,0.000141432477466169,1.25397516218517,5.02168213458064e-05,6.07227279990366,0.000605627247673233,1.05949617423053,0.000117186454206245,0.941476498216717,6.24349955012961e-05,1.72133671972008,0.000253871697757893,1.72317772613197,0.000172190102259159,1.06059731744398,0.000156707557607674,3.51355299280666,0.000200107935191459,0.0836630509148383,0.338224418303925,0.480783822737849,0.0763811654718905,0.75,0.79,0.1,34,9,1000
"50%",1.56818813674559,0.000170103012223885,1.62029702186321,6.31416125855319e-05,7.93327637566674,0.000671251988178517,1.23032875149877,0.000133714355140324,1.13105135202809,7.39658633387716e-05,2.17056833818564,0.000304769709742795,2.10458492257996,0.000199934182800911,1.25170621726783,0.000181472982571999,4.39431484532987,0.000222144887311674,0.0871230747273537,0.344480405802461,0.487274157959217,0.079545638363716,0.75,0.79,0.1,34,9,1000
"75%",1.95318192615096,0.00019872335782552,2.12780030805223,7.63988204792411e-05,10.3275106780579,0.000743470217408779,1.42751193711361,0.000150372306032662,1.35410742742855,8.56459005598299e-05,2.72089233578292,0.000354548733067346,2.56706521895752,0.000227057156656697,1.48091673049709,0.000207660995584667,5.52463918120529,0.000246289483191519,0.0904927545602671,0.350631278072262,0.494030801324166,0.0829960096409721,0.75,0.79,0.1,34,9,1000
"",1.65164080654043,0.000170317235327714,1.76465310066847,6.371823664776e-05,8.55176333175661,0.000673768442678309,1.26748606785302,0.000134254070912049,1.17706948224027,7.4368444188569e-05,2.28668044126558,0.000303812430634145,2.2021141271469,0.000199955236346778,1.29917839235372,0.00018291770155955,4.65398624119718,0.000223093023759247,0.087215288251467,0.344401620579568,0.487194306676585,0.0797648654188706,0.75,0.79,0.1,34,9,1000
