"","alpha_1","beta_1","alpha_2","beta_2","alpha_3","beta_3","alpha_4","beta_4","alpha_5","beta_5","alpha_6","beta_6","alpha_7","beta_7","alpha_8","beta_8","alpha_9","beta_9","pi_1","pi_2","pi_3","pi_4","phi","for_error","OU","ny","nstk","nsim"
"25%",0.90173922915375,0.000141432477466169,0.651204688114123,5.02168213458064e-05,4.06794025205189,0.000605627247673233,0.625393870575374,0.000117186454206245,0.461314988270184,6.24349955012961e-05,0.978787655336918,0.000253871697757893,0.966146984240188,0.000172190102259159,0.84918285389159,0.000156707557607674,2.41476798649172,0.000200107935191459,0.0836630509148383,0.338224418303925,0.480783822737849,0.0763811654718905,0.75,0.79,0.1,34,9,1000
"50%",1.12702424190666,0.000170103012223885,0.875097467242049,6.31416125855319e-05,6.02993615863006,0.000671251988178517,0.783250961514277,0.000133714355140324,0.572949930908622,7.39658633387716e-05,1.35345653454913,0.000304769709742795,1.35224200406279,0.000199934182800911,1.02962342514634,0.000181472982571999,3.26858958626448,0.000222144887311674,0.0871230747273537,0.344480405802461,0.487274157959217,0.079545638363716,0.75,0.79,0.1,34,9,1000
"75%",1.43830775021356,0.00019872335782552,1.20892467502071,7.63988204792411e-05,8.38523005800348,0.000743470217408779,0.988807569199163,0.000150372306032662,0.709714560086025,8.56459005598299e-05,1.84791803620376,0.000354548733067346,1.87123155740531,0.000227057156656697,1.26127496152805,0.000207660995584667,4.392092485715,0.000246289483191519,0.0904927545602671,0.350631278072262,0.494030801324166,0.0829960096409721,0.75,0.79,0.1,34,9,1000
"",1.20890699344235,0.000170317235327714,1.00399907437565,6.371823664776e-05,6.59876394946413,0.000673768442678309,0.833386381739568,0.000134254070912049,0.607714803940153,7.4368444188569e-05,1.48455772106579,0.000303812430634145,1.48792308922215,0.000199955236346778,1.08639384226337,0.00018291770155955,3.56539985192263,0.000223093023759247,0.087215288251467,0.344401620579568,0.487194306676585,0.0797648654188706,0.75,0.79,0.1,34,9,1000
