"","Big.Salmon","MiddleYukonR.andtribs.","Nordenskiold","NorthernYukonR.andtribs.","Pelly","Stewart","UpperYukonR.","Whiteandtribs.","YukonR.Teslinheadwaters"
"Big.Salmon",0.0494864315453871,0.0385152293103214,0.0560555890128478,0.036360180444427,0.0292186439657511,0.0470398256078758,0.0446452460217928,0.0332797864020331,0.0537535331167244
"MiddleYukonR.andtribs.",0.0385152293103214,0.0524649877397645,0.0452147473682494,0.03943551277453,0.0264360385410312,0.0446824568526069,0.0522551700189511,0.0323630378264438,0.0368860487147605
"Nordenskiold",0.0560555890128478,0.0452147473682494,0.14292086012896,0.0361323367761194,0.0382218220765392,0.0993040429382587,0.0499603542019307,0.0371931159629593,0.0734337414293217
"NorthernYukonR.andtribs.",0.036360180444427,0.03943551277453,0.0361323367761194,0.0472206783288161,0.0283906612917929,0.0451974804355174,0.0539462862521575,0.0310775774354128,0.0374004787713358
"Pelly",0.0292186439657511,0.0264360385410312,0.0382218220765392,0.0283906612917929,0.0274519948738633,0.0405900129800344,0.0363709333201944,0.0252296202702913,0.0438996023878111
"Stewart",0.0470398256078758,0.0446824568526069,0.0993040429382587,0.0451974804355174,0.0405900129800344,0.123546394319564,0.080926112671328,0.0402721046852934,0.0698669117838889
"UpperYukonR.",0.0446452460217928,0.0522551700189511,0.0499603542019307,0.0539462862521575,0.0363709333201944,0.080926112671328,0.166685597730703,0.0526200879127416,0.0732553567721386
"Whiteandtribs.",0.0332797864020331,0.0323630378264438,0.0371931159629593,0.0310775774354128,0.0252296202702913,0.0402721046852934,0.0526200879127416,0.0372878803760656,0.0419869001240978
"YukonR.Teslinheadwaters",0.0537535331167244,0.0368860487147605,0.0734337414293217,0.0374004787713358,0.0438996023878111,0.0698669117838889,0.0732553567721386,0.0419869001240978,0.11464731558155
