"","Big.Salmon","MiddleYukonR.andtribs.","Nordenskiold","NorthernYukonR.andtribs.","Pelly","Stewart","UpperYukonR.","Whiteandtribs.","YukonR.Teslinheadwaters"
"Big.Salmon",0.0507942430618926,0.0432950865896961,0.0438260873650452,0.04109383576225,0.0295007443774129,0.0486906333794609,0.0293489971332614,0.0292173166425061,0.0475386175313002
"MiddleYukonR.andtribs.",0.0432950865896961,0.05782138940237,0.0577775014998917,0.0463595138654175,0.0324035642440539,0.0623430305670503,0.0404052663662904,0.0301624191689638,0.0361726578133938
"Nordenskiold",0.0438260873650452,0.0577775014998917,0.128616318385972,0.0494683990399288,0.0355115886868426,0.0904402172378994,0.0420596786690629,0.0304721517168184,0.0450927438473302
"NorthernYukonR.andtribs.",0.04109383576225,0.0463595138654175,0.0494683990399288,0.0619419904761754,0.038827089298666,0.0599047729332616,0.0492938188497352,0.0330348815808882,0.0484757161178083
"Pelly",0.0295007443774129,0.0324035642440539,0.0355115886868426,0.038827089298666,0.031767572117911,0.0454338181015947,0.0347799598963579,0.0243497709817134,0.0434368189073672
"Stewart",0.0486906333794609,0.0623430305670503,0.0904402172378994,0.0599047729332616,0.0454338181015947,0.104299515322831,0.0505255942493772,0.0361283515072398,0.0587586521511299
"UpperYukonR.",0.0293489971332614,0.0404052663662904,0.0420596786690629,0.0492938188497352,0.0347799598963579,0.0505255942493772,0.0958763701640525,0.037933346750531,0.0509827213231364
"Whiteandtribs.",0.0292173166425061,0.0301624191689638,0.0304721517168184,0.0330348815808882,0.0243497709817134,0.0361283515072398,0.037933346750531,0.0415371639556407,0.0373899053985976
"YukonR.Teslinheadwaters",0.0475386175313002,0.0361726578133938,0.0450927438473302,0.0484757161178083,0.0434368189073672,0.0587586521511299,0.0509827213231364,0.0373899053985976,0.106564423510324
