"","Big.Salmon","MiddleYukonR.andtribs.","Nordenskiold","NorthernYukonR.andtribs.","Pelly","Stewart","UpperYukonR.","Whiteandtribs.","YukonR.Teslinheadwaters"
"Big.Salmon",0.503300655476683,0.490898478205591,0.234414821533643,0.588921326544861,0.526671496330835,0.464129052055415,0.346257176812523,0.492856773676254,0.338222244166967
"MiddleYukonR.andtribs.",0.490898478205591,0.541998717877569,0.311708976638767,0.593027097348199,0.526937020190938,0.48542584107511,0.35825016220109,0.489001635130197,0.36354872065585
"Nordenskiold",0.234414821533643,0.311708976638767,0.704281624161538,0.228356022867139,0.144140249706599,0.282641135397545,0.162228834969093,0.269411447812359,0.245759669219549
"NorthernYukonR.andtribs.",0.588921326544861,0.593027097348199,0.228356022867139,0.841501739263588,0.655881877559059,0.588572046352068,0.430711121089514,0.627633663176672,0.448479118360915
"Pelly",0.526671496330835,0.526937020190938,0.144140249706599,0.655881877559059,0.643452977535417,0.502361501726707,0.421983176393322,0.502624195404692,0.359121359679331
"Stewart",0.464129052055415,0.48542584107511,0.282641135397545,0.588572046352068,0.502361501726707,0.50944525979257,0.36309008819127,0.453368349244749,0.373222590899595
"UpperYukonR.",0.346257176812523,0.35825016220109,0.162228834969093,0.430711121089514,0.421983176393322,0.36309008819127,0.544761503831791,0.336823072044431,0.318040031667062
"Whiteandtribs.",0.492856773676254,0.489001635130197,0.269411447812359,0.627633663176672,0.502624195404692,0.453368349244749,0.336823072044431,0.623944508920201,0.373385063646966
"YukonR.Teslinheadwaters",0.338222244166967,0.36354872065585,0.245759669219549,0.448479118360915,0.359121359679331,0.373222590899595,0.318040031667062,0.373385063646966,0.366072103181556
