"","Big.Salmon","MiddleYukonR.andtribs.","Nordenskiold","NorthernYukonR.andtribs.","Pelly","Stewart","UpperYukonR.","Whiteandtribs.","YukonR.Teslinheadwaters"
"Big.Salmon",0.0498790195268948,0.0391286424503523,0.0567132892244981,0.0361086369343456,0.0300963400455855,0.046728169637348,0.0454382461509921,0.0328712893225952,0.0545258880543801
"MiddleYukonR.andtribs.",0.0391286424503523,0.0532329968660223,0.0458349336676466,0.0396187526360669,0.0273393048410196,0.0446747048250404,0.0534933951296977,0.032155551198573,0.0377163560850377
"Nordenskiold",0.0567132892244981,0.0458349336676466,0.147290667138546,0.0356429014331963,0.0397511370828948,0.0997114463551702,0.0512254836859327,0.0368145324860405,0.0759055446684209
"NorthernYukonR.andtribs.",0.0361086369343456,0.0396187526360669,0.0356429014331963,0.0462939862760561,0.0288450423060816,0.0441863174178443,0.0537156922673188,0.030395370818453,0.0374726306816423
"Pelly",0.0300963400455855,0.0273393048410196,0.0397511370828948,0.0288450423060816,0.0288013737408533,0.0415156043343426,0.038060991895925,0.0254090291204292,0.0458031567650164
"Stewart",0.046728169637348,0.0446747048250404,0.0997114463551702,0.0441863174178443,0.0415156043343426,0.122381721605431,0.0809943554498285,0.0394733353135375,0.0704040408083496
"UpperYukonR.",0.0454382461509921,0.0534933951296977,0.0512254836859327,0.0537156922673188,0.038060991895925,0.0809943554498285,0.168982736685314,0.0521135233576862,0.0746508002514375
"Whiteandtribs.",0.0328712893225952,0.032155551198573,0.0368145324860405,0.030395370818453,0.0254090291204292,0.0394733353135375,0.0521135233576862,0.036114981600361,0.0418282871014671
"YukonR.Teslinheadwaters",0.0545258880543801,0.0377163560850377,0.0759055446684209,0.0374726306816423,0.0458031567650164,0.0704040408083496,0.0746508002514375,0.0418282871014671,0.11754294217444
